{
  "DocumentMetadata": {
    "Pages": 1
  },
  "Blocks": [
    {
      "BlockType": "PAGE",
      "Geometry": {
        "BoundingBox": {
          "Width": 0.9886663556098938,
          "Height": 1,
          "Left": 0,
          "Top": 0
        },
        "Polygon": [
          {
            "X": 0,
            "Y": 0
          },
          {
            "X": 0.9856065511703491,
            "Y": 0.003922238014638424
          },
          {
            "X": 0.9886663556098938,
            "Y": 0.9941490888595581
          },
          {
            "X": 0.0003236354677937925,
            "Y": 1
          }
        ]
      },
      "Id": "cf15af6a-28d9-4e7c-a223-63c5f9bbc7fb",
      "Page": 1
    }
  ],
  "AnalyzeDocumentModelVersion": "1.0"
}