{
  "DocumentMetadata": {
    "Pages": 1
  },
  "Blocks": [
    {
      "BlockType": "PAGE",
      "Geometry": {
        "BoundingBox": {
          "Width": 0.9965179562568665,
          "Height": 0.9998859763145447,
          "Left": 0,
          "Top": 0.00011403032840462402
        },
        "Polygon": [
          {
            "X": 0,
            "Y": 0.00011403032840462402
          },
          {
            "X": 0.9952812790870667,
            "Y": 0.007134011946618557
          },
          {
            "X": 0.9965179562568665,
            "Y": 0.9959455132484436
          },
          {
            "X": 0.000006417314580176026,
            "Y": 1
          }
        ]
      },
      "Id": "a8691644-d63f-4c97-a464-d24a569088c9",
      "Page": 1
    }
  ],
  "AnalyzeDocumentModelVersion": "1.0"
}