{
  "DocumentMetadata": {
    "Pages": 1
  },
  "Blocks": [
    {
      "BlockType": "PAGE",
      "Geometry": {
        "BoundingBox": {
          "Width": 0.9981789588928223,
          "Height": 1,
          "Left": 0,
          "Top": 0
        },
        "Polygon": [
          {
            "X": 0,
            "Y": 0
          },
          {
            "X": 0.9944339990615845,
            "Y": 0.00472262641415
          },
          {
            "X": 0.9981789588928223,
            "Y": 0.9941653609275818
          },
          {
            "X": 0.0000029869054287701147,
            "Y": 1
          }
        ]
      },
      "Id": "a81425b7-aa2c-4abf-932b-69dc5a258ac3",
      "Page": 1
    }
  ],
  "AnalyzeDocumentModelVersion": "1.0"
}